Pronoun,PronType,Chapter,Passage,Context,Speaker,Listener,Power,Act,Intimate,Relation,StanceH,StanceS,ImpositionH,BenH,Kin,Note,Multiple？,
卿,Qing,23,16,卿何以坐視元裒敗而不救？,?,和嶠,?,Reproach,U,?,Neg,,,,,,,
汝,Ru,1,47,汝若為選官，當好料理此人。,殷氏（韓伯之母）,韓伯,Speaker,Advice,Y,Mother-son,,,HBen,,Yes,,,
汝,Ru,3,17,若得門庭長如郭林宗者，當如所白。汝何處得此人？,虞存,虞謇,Speaker,Criticism,Y,Older brother-younger brother,Neg,,,,Yes,,,
汝,Ru,4,45,道林講，比汝至，當在某品中。,于法,于法之弟子,Speaker,Information,U,Teacher-student,,,,,,,,
汝,Ru,4,74,汝更思吾論。,殷融,殷浩,Speaker,Advice,Y,Uncle-nephew,,,HBen,,Yes,,,
汝,Ru,5,47,汝謂我堪此不？,王述,王坦之,Speaker,Clarification question,Y,Father-son,,,,,Yes,,,
汝,Ru,6,8,汝看我眼光，迺出牛背上。,王衍,王導,Equal,Commentary,Y,Cousin-cousin,,,,,Yes,晉書 has 爾,Equal since 王導 is younger but probably has more power,
汝,Ru,6,38,汝故是吳興溪中釣碣耳！,王珉,謝玄,Listener,Insult,U,Colleagues,Neg,,,,,"Xie was probably more senior, judging from context",,
汝,Ru,7,15,大將軍平素與江州云何？而汝欲歸之。,王含,王應,Speaker,Criticism,Y,Father-son,Neg,,,,Yes,,,
汝,Ru,8,34,王參軍人倫之表，汝其師之！,司馬越,司馬毗,Speaker,Advice,Y,Father-son,,,HBen,,Yes,,,
汝,Ru,8,55,汝是我佳子弟，當不減阮主簿。,王敦,王羲之,Speaker,Praise,U,Cousins (senior-junior),Pos,,,,Yes,,,
汝,Ru,9,64,勿學汝兄，汝兄自不如伊。,王禕之,王述,Speaker,Advice,Y,Father-son,,,HBen,,Yes,,,
汝,Ru,10,1,汝癡耳！帝豈復憶汝乳哺時恩邪？,東方朔,漢武帝乳母,Speaker,Criticism,N,Acquaintances,Neg,,,,,,,
汝,Ru,10,3,衣夫錦也，食夫稻也，於汝安乎？,孔子,弟子(不明),Speaker,Advice,Y,Teacher-student,,,HBen,,,Quoted,,
汝,Ru,10,23,我病自當差，正憂汝患耳！,殷覬,殷仲勘,Speaker,Care,Y,Older brother-younger brother,,,,,Yes,,,
汝,Ru,10,26,汝為此欻欻，曾不慮獄吏之為貴乎？,王忱,王緒,Equal,Criticism,N,Cousins (equals),Neg,,,,Yes,Not sure who is older,,
汝,Ru,12,3,汝意謂長安何如日遠？,晉元帝,晉明帝,Speaker,Testing,Y,Father-son,,,T,,Yes,,,
汝,Ru,12,7,此皆汝家故吏佐。,文武百官,桓玄,Speaker,Statement,N,Adult(父執)-child,,,,,Yes,,,
汝,Ru,13,10,汝叔落賊，汝知不？,桓溫,桓石虔,Speaker,Motivation,Y,Uncle-nephew,,,T,,Yes,,,
汝,Ru,19,1,不可！自我為汝家婦，少見貧賤，一旦富貴，不祥！,陳嬰之母,陳嬰,Speaker,Prohibition,Y,Mother-son,,,T,,Yes,,,
卿,Qing,23,20,卿乃可縱適一時，獨不為身後名邪？,?,張瀚,?,Reproach,U,?,Neg,,,,,,,
汝等,Rudeng,19,8,汝等雖佳，才具不多，率胸懷與語，便無所憂。,許允之妻,許允諸兒,Speaker,Advice,Y,Mother-son,,,HBen,,Yes,,,
汝,Ru,19,10,汝本寒家子，仕至二千石，此可以止乎！,王經之母,王經,Speaker,Advice,Y,Mother-son,,,HBen,,Yes,,,
汝,Ru,19,12,如此衣形者，是汝所擬者非邪？,鍾氏（王渾之妻）,王濟,Speaker,Clarification question,Y,Mother-son,,,,,Yes,,,
汝,Ru,19,18,我所以屈節為汝家作妾，門戶計耳！,李洛秀,周浚諸兒,Speaker,Threat,Y,Mother-son,Neg,,T,,Yes,,,
汝,Ru,19,19,汝但出外留客，吾自為計。,湛氏（陶侃之母）,陶侃,Speaker,Order,Y,Mother-son,,,T,,Yes,,,
汝,Ru,19,20,汝為吏，以官物見餉，非唯不益，乃增吾憂也。,湛氏（陶侃之母）,陶侃,Speaker,Criticism,Y,Mother-son,Neg,,,,Yes,,,
汝輩 + 汝,Rubei + Ru,19,25,王家見二謝，傾筐倒庋；見汝輩來，平平爾。,郗夫人（王羲之妻）,郗愔、郗縣,Speaker,Criticism,Y,Older sister-younger brother,Neg,,,,Yes,,,
汝,Ru,19,26,王郎，逸少之子，人材亦不惡，汝何以恨乃爾？,謝安,謝道韞,Speaker,Consolation,Y,Uncle-niece,,,,,Yes,,,
汝,Ru,19,27,我若不隱此，汝何以得見古物？,殷氏（韓伯之母）,卞范之,Speaker,Prohibition,Y,Grandmother-grandson,,Pos,T,,Yes,,,
汝,Ru,19,28,汝何以都不復進，為是塵務經心，天分有限。,謝道韞,謝玄,Speaker,Criticism,Y,Older sister-younger brother,Neg,,,,Yes,,,
汝,Ru,19,32,汝父昔罷豫章，徵書朝至夕發。汝去郡邑數年，為物不得動，遂及於難，夫復何言？,殷氏（韓伯之母）,卞范之,Speaker,Criticism,Y,Grandmother-grandson,Neg,,,,Yes,,,
汝,Ru,23,34,汝故當不辦作袁彥道邪？,債主,袁耽,Speaker,Doubt,N,Strangers / Opponents,,,,,,,,
汝,Ru,1,9,大軍至，一郡盡空，汝何男子，而敢獨止？,胡賊,荀巨伯,Speaker,Reprimand,N,Strangers,Neg,,,,,男子 is rude,,
汝,Ru,24,12,恐伊不必酬汝，意不足爾！,謝安,謝萬,Speaker,Advice,Y,Older brother-younger brother,,,HBen,,Yes,,,
汝,Ru,24,14,汝為元帥，宜數喚諸將宴會，以說眾心。,謝安,謝萬,Speaker,Advice,Y,Older brother-younger brother,,,HBen,,Yes,,,
汝,Ru,25,5,昔與汝為鄰，今與汝為臣。上汝一桮酒，令汝壽萬春。,孫皓,晉武帝,Speaker,Taunting,Y,Subject-monarch,Neg,,,,,,,
汝,Ru,25,40,我不如汝。/汝有佳兒。,張鎮,張憑之父,Speaker,Teasing,Y,Father-son,Neg,,,,Yes,,,
卿,Qing,3,18,我今故與林公來相看，望卿擺撥常務，應對玄言，那得方低頭看此邪？,王濛,何充,Equal,Reproach,N,Acquaintances,Neg,,,,,Clear mutual example,,
汝,Ru,25,55,汝可謂前倨而後恭。,謝安,謝玄,Speaker,Teasing,Y,Uncle-nephew,Neg,,,,Yes,,,
汝,Ru,26,1,汝叔名士，何以不相推重？,王衍,王玄,Speaker,Criticism,Y,Father-son,Neg,,,,Yes,,,
汝,Ru,27,3,汝懷刃密來我側，我必說心動。執汝使行刑，汝但勿言其使，無他，當厚相報！,曹操,侍從,Speaker,Order,Y,Master-servant,,,T,,,,,
汝,Ru,27,9,喪敗之餘，乞粗存活，便足慰吾餘年，何敢希汝比？,溫嶠之姑,溫嶠,Speaker,Request,Y,Aunt-nephew,,,T,,Yes,,,
卿,Qing,5,16,我令卿復君臣之好，何以猶絕？,司馬炎,向雄,Speaker,Reprimand,N,Emperor-subject,Neg,,,,,,,
君,Jun,5,20,君不得為爾。,王衍,庾敳,Speaker,Reproach,N,Acquaintances,Neg,,,,,,,
君,Jun,4,45,君何足復受人寄載！,支遁,于法之弟子,Speaker,Reproach,N,Strangers,Neg,,,,,,,
汝,Ru,36,3,王敦昔肆酷汝父，假手世將。吾所以積年不告汝者，王氏門彊，汝兄弟尚幼，不欲使此聲著，蓋以避禍耳！,司馬無忌之母,司馬無忌,Speaker,Information,Y,Mother-son,,,,,Yes,,,
汝,Ru,36,8,汝等近，過我餘年，我養之，不忍見行此事。,桓修之母,桓修,Speaker,Request,Y,Mother-son,,,T,,Yes,,Y,
爾,Er,1,40,貧者士之常，焉得登枝而捐其本？爾曹其存之！,殷仲堪,眾弟子,Speaker,Advice,Y,Teacher-student,,,HBen,,,,,
爾,Er,6,40,長星！勸爾一桮酒。,司馬曜,長星,Speaker,Offer,N,Human-inanimate object,,,,Yes,,,,
爾,Er,7,14,爾家有相，爾等並羅列吾前，復何憂？,李洛秀,周嵩﹑周,Speaker,Celebration,Y,Mother-son,,,,,Yes,,,
爾,Er,7,26,恐阿大非爾之友。,王蘊,王恭,Speaker,Commentary,Y,Father-son,Neg,,,,Yes,,,
爾,Er,10,1,此非脣舌所爭，爾必望濟者，將去時但當屢顧帝，慎勿言！,東方朔,漢武帝乳母,Speaker,Advice,N,Acquaintances,,,HBen,,,Both ru and er,,
爾,Er,10,17,當今乏才，以爾為柱石之用，莫傾人棟梁。」,不明,陸玩,Speaker,Prayer / Advice,U,Acquaintances,,,,,,Addressee != Ratified hearer,,
爾,Er,12,1,爾頗有所識不？,陳寔,陳紀、陳諶,Speaker,Question,Y,Father-son,,,,,Yes,,,
爾,Er,12,3,爾何故異昨日之言邪？,司馬睿,晉明帝,Speaker,Question,Y,Father-son,,,,,Yes,Both ru and er,,
爾,Er,19,7,舉爾所知。,許允,許允之妻,Speaker,Explanation,Y,Husband-wife,,,,,Yes,Quoted,,
爾,Er,26,5,爾家司空、元規，復可所難？,王敦,王羲之,Speaker,Teasing,Y,Uncle-nephew,Neg,,,,Yes,,,
卿,Qing,1,17,卿數省王、和不？,司馬炎,劉毅,Speaker,Concern,U,Emperor-subject,,,,,,,,
卿,Qing,1,44,卿東來，故應有此物，可以一領及我。 ,王忱,王恭,Speaker,Request,Y,Cousins (senior-junior),,,T,,Yes,,,
卿,Qing,1,44,吾本謂卿多，故求耳。,王忱,王恭,Speaker,Remark,Y,Cousins (senior-junior),,,,,Yes,,,
丈人,Zhangren,1,44,丈人不悉恭，恭作人無長物。,王恭,王忱,Listener,Explanation,Y,Cousins (junior-senior),,,,,Yes,,,
卿,Qing,14,2,卿才如此，亦復作劫邪？,陸機,戴淵,Listener,Reproach,N,Strangers,Neg,,,,,,,
卿,Qing,2,11,卿面何以汗？ / 卿何以不汗？,曹丕,鍾毓、鍾會,Speaker,Testing,N,Emperor-subject (senior-junior）,Neg,,T,,,,,
卿,Qing,2,15,卿瞳子白黑分明，有白起之風，恨量小狹。,嵇康,趙至,Equal,Evaluation,Y,Friends,,,,,,,,
卿,Qing,2,17,卿云艾艾，定是幾艾？,司馬昭,鄧艾,Speaker,Teasing,U,Superior-inferior,Neg,,,,,,,
卿,Qing,2,21,卿字仲思，為何所思？,孫皓,諸葛靚,Speaker,Question,U,Emperor-subject,,,,,,,,
卿,Qing,2,26,卿江東何以敵此？,王濟,陸機,Speaker,Showing off,N,Acquaintances,,Pos,,,,"Probably Wang has power, since he's a famous guy in Jin whereas the Lus came from the subjugated Wu state",,
卿,Qing,2,35,吾欲立功於河北，使卿延譽於江南。,劉琨,溫嶠,Speaker,Request,Y,Superior-subordinate,,,T,,,,,
明公,Minggong,2,35,明公以桓、文之姿，建匡立之功，豈敢辭命！,溫嶠,劉琨,Listener,Acceptance of request,Y,Subordinate-superior,,,,Yes,,,,
卿,Qing,2,40,卿欲希嵇、阮邪？,王導,周顗,Speaker,Question,Y,Friends,,,,,,"Wang was probably more powerful, since Zhou was indebted to him",,
明公,Minggong,2,40,何敢近舍明公，遠希嵇、阮！,周顗,王導,Listener,Explanation,Y,Friends,,,,,,Intimacy: 王導甚重之，嘗枕顗膝而指其腹曰：「此中何所有也？」答曰：「此中空洞無物，然足容卿輩數百人。」導亦不以為忤。,Side note: modifier floating?,
卿,Qing,2,42,卿年未三十，已為萬石，亦太蚤。,王敦,摯瞻,Speaker,Praise / Expression of jealousy,Y,Superior-subordinate (former),Pos,,,,,,,
卿,Qing,2,44,晏平仲之儉，祠其先人，豚肩不掩豆，猶狐裘數十年，卿復何辭此？,孔坦,孔沈,Speaker,Insistence on offer,Y,"Cousins (superior-inferior, same gen)",,,,Yes,Yes,,,
卿,Qing,2,57,卿何以先白？,司馬昱,顧悅,Speaker,Question,Y,Emperor-subject,,,,,,,,
卿,Qing,2,65,是卿何物？有後不？,司馬昱,夏侯湛,Speaker,Question,U,Emperor-subject,,,,,,,,
卿,Qing,2,66,卿更長進。,王濛,劉惔,Equal,Praise,Y,Friends,,,,,,,,
卿,Qing,2,69,卿若知吉凶由人，吾安得不保此！,劉惔,許詢,Equal,Happy remark,Y,Friends,,,,,,,,
卿,Qing,2,79,諸人莫當就卿談，可堅城壘。,謝朗,庾龢,Equal,Advice,Y,Friends,,,HBen,,,Kinda metapragmatic,,
卿,Qing,2,82,卿今仗節方州，當疆理西蕃，何以為政？,高崧,謝萬,Speaker,Question,Y,Friends,,,,,,,,
卿,Qing,2,95,卿憑重桓乃爾，哭之狀其可見乎？,顧愷之,桓溫,?,Request,U,Unknown,,,T,,,,,
卿,Qing,2,98,卿居心不淨，乃復強欲滓穢太清邪？,司馬道子,謝重,Speaker,Teasing,Y,Superior-subordinate,Neg,,,,,,,
卿,Qing,2,99,卿觀過江諸人經緯，江左軌轍，有何偉異？後來之彥，復何如中原？ / ,王坦之,張天錫,Speaker,Question,Y,Superior-subordinate,Pos,,,,,Zhang had surrendered to Jin,,
卿,Qing,2,100,王甯異謀，云是卿為其計。,司馬道子,謝重,Speaker,Threat,Y,Superior-subordinate,Neg,,T,,,Sima obviously likes Xie though,,
桓義興,LN + Place,2,100,桓義興，勸卿酒。,司馬道子,桓玄,Speaker,Drunk offer,U,Superior-subordinate,,,,Yes,,Vocative,,
卿,Qing,2,101,桓義興，勸卿酒。,司馬道子,桓玄,Speaker,Drunk offer,U,Superior-subordinate,,,,Yes,,,,
卿,Qing,2,108,卿欲希心高遠，何不能遺曲蓋之貌？,孔淳之,謝靈運,Equal,Teasing,Y,Equals,Neg,,,,,"Xie is in government, Kong isn't, so not superior-subordinate",,
卿,Qing,3,3,不知卿家君法孤？孤法卿父？,袁？,陳紀,Speaker,Testing,U,Adult-child,Neg,,T,,,Mingshi-isation of the child,,
汝,Ru,31,3,汝詎復足與老兄計？,王胡之,王螭,Equal,Reprimand,U,Cousins,Neg,,,,Yes,,,
卿等,Qingdeng,3,18,我不看此，卿等何以得存？,何充,王濛、劉惔、支遁,Equal,Defence,N,Acquaintances,,Pos,,,,"Probably not very close friends, since they have different likes",,
卿,Qing,4,13,卿天才卓出，若復小加研尋，一無所愧。,王衍,諸葛宏,Speaker,Praise,N,Acquaintances,Neg,,,,,N for intim because it was their first time talking,,
卿,Qing,4,26,惡，卿不欲作將善雲梯仰攻。,劉惔,殷浩,Equal,Taunting,Y,Acquaintances,Neg,,,,,,,
卿,Qing,4,31,卿莫作強口馬，我當穿卿鼻。,殷浩,孫盛,Equal,Taunting,Y,Friends,Neg,Pos,,,,,,
卿,Qing,4,31,卿不見決鼻牛，人當穿卿頰。,孫盛,殷浩,Equal,Taunting,Y,Friends,Neg,,,,,,,
卿,Qing,4,36,支道林拔新領異，胸懷所及，乃自佳，卿欲見不？,王熹之,孫綽,Equal,Suggestion,Y,Friends,,,HBen,,,孫綽、李充、許詢、支遁等皆以文義冠世，並築室東土，與羲之同好。,,
卿,Qing,4,53,卿且去，正當取卿共詣撫軍。,劉惔,張憑,Speaker,Suggestion,N,Acquaintances,,,HBen,,,,,
卿等,Qingdeng,4,55,卿等盡不？,謝安,許詢等,Equal,Question,U,Friends,,,,,,,,
卿,Qing,4,86,卿試擲地，要作金石聲。,孫興,范啓,Equal,Boasting,Y,Friends,,Pos,,,,Equal/Y/Friends is a tentative guess,,
卿,Qing,4,91,我亦作，知卿當無所名。,顧夷,謝萬,Equal,Belittling,Y,Friends,Neg,Pos,,,,,,
羊侯,LN + Hou,4,104,羊侯，羊侯，百口賴卿！,孟昶,羊孚,Listener,Begging,N,Acquaintances,,,,,,Exception!!,,
卿,Qing,4,104,羊侯，羊侯，百口賴卿！,孟昶,羊孚,Listener,Begging,N,Acquaintances,,,,,,,,
卿,Qing,2,10,卿何以不謹於文憲？,司馬昭,劉楨,Speaker,Reprimand,U,Emperor-subject,Neg,,,,,,,
卿,Qing,5,9,東宮頃似更成進，卿試往看。,司馬炎,和嶠,Speaker,Request,U,Emperor-subject,,,T,,,甚被器重,,
卿,Qing,5,10,卿故復憶竹馬之好不？,司馬炎,諸葛靚,Speaker,Question,Y,Emperor-subject,,,,,,,,
卿,Qing,5,3,朕應天受命，卿何以不樂？,曹丕,陳羣,Speaker,Reproach,U,Emperor-subject,Neg,,,,,,,
卿,Qing,5,17,今日共為歡，卿何卻邪？,司馬囧,嵇紹,Speaker,Question,U,Emperor-subject,Neg,,,,,,,
卿,Qing,5,18,如卿於盧毓、盧珽。,陸機,盧志,Speaker,Angry response,N,Acquaintances,Neg,,,,,Angry,范陽盧志於眾中問機曰：「陸遜、陸抗於君近遠？」機曰：「如君于盧毓、盧廷。」志默然。既起，雲謂機曰：「殊邦遐遠，容不相悉，何至於此！」機曰：「我父祖名播四海，寧不知邪！」議者以此定二陸之優劣。,
卿,Qing,5,20,卿自君我，我自卿卿。我自用我法，卿自用卿法。,庾敳,王衍,Equal,Response,Y,Acquaintances,,,,,,,,
卿,Qing,10,3,卿海內之俊才，四方是則，如何當喪，錦被蒙上？,郭太,陳紀,Equal,Reproach,U,Acquaintances,Neg,,,,,,,
卿,Qing,23,24,卿何為問飲酒？不見酒家覆瓿布，日月糜爛？,王導,孔群,Speaker,Reproach,U,Superior-subordinate,Neg,,,,,,,
卿,Qing,5,35,今日之事，不容復言，卿當期克復之效耳！,庾亮,鍾雅,Speaker,Promise,U,Superior-subordinate,,,,Yes,,,,
公,Gong,5,33,公戎車犯正，下官忝率六軍，而王師不振，以此負公。,周顗,王敦,Listener,Defence,Y,Subordinate-superior (former),,,,,,,,
卿,Qing,5,33,族弟發狂，卿為我宥之！,孔愉,匡述,Listener,Request,Y,Acquaintances,,,T,,,,,
卿,Qing,5,63,卿亦復須邪？,江敳,王恭,Equal,Request,U,Acquaintances,,,T,,,,,
卿,Qing,5,64,卿何如卿兄。,司馬曜,王爽,Speaker,Question,U,Emperor-subject,Q,,,,,,,
卿,Qing,6,12,/,王衍,裴頠,Speaker,?,N,Acquaintances,,,,,,IMPORTANT!! Change of relationship through qing,,
卿,Qing,6,22,卿州吏中有一令僕才。,周顗,王導,Listener,Commentary,Y,Friends; note contrast with 明公 in 2.40,,,,,,,,
諸君,Zhujun,14,32,諸君莫輕道，仁祖企腳北窗下彈琵琶，故自有天際真人想。,桓溫,?,Speaker,Reprimand,U,?,Neg,,,,,,,
卿,Qing,6,31,我本不為卿面作計。,蔡系,謝萬,Equal,Snarky response,Y,Acquaintances,Neg,,,,,,,
卿,Qing,7,2,卿昔與劉備共在荊州，卿以備才如何？,曹操,裴潛,Speaker,Question,U,Superior-subordinate,,,,,,,,
卿,Qing,7,3,夏侯太初一時之傑士，虛心於子，而卿意懷不可，交合則好成，不合則致隙。,荀粲,傅嘏,Equal,Commentary,Y,Friends,,,,,,,,nice zero anaphora
卿,Qing,7,16,卿自求之。,庾亮,褚裒,Speaker,Rejection,U,Acquaintances,Neg,,,Denied,,not in Zhang/Liu version,Yu is older,
卿,Qing,7,18,卿諸人真憂淵源不起邪？,劉惔,王濛、謝尚,Equal,Rhetorical question,Y,Friends,Neg,,,,,,,
卿,Qing,7,25,小者才名皆勝，然保卿家，終當在兄。,郗超,傅瑗,Equal,Commentary,Y,Friends,,,,,,,,
卿,Qing,7,28,卿家癡叔死未？,司馬炎,王濟,Equal,Teasing,Y,Emperor-subject,Neg,,,,,Son-in-law of the emperor,,
卿,Qing,8,27,誠不如卿落落穆穆。,王衍,王澄,Speaker,Praise,Y,Older brother-younger brother,,,,,Yes,,阿兄形似道，而神鋒太俊。,
卿,Qing,8,46,卿知處明、茂弘。茂弘已有令名，真副卿清論；處明親疏無知之者，吾常以卿言為意，殊未有得，恐已悔之？,王衍、王澄,王敦,Speaker,Commentary,Y,Cousins (older-younger,,,,,Yes,Nested quote,,
卿,Qing,8,58,位望殊為陵遲，卿亦足與之處。,王敦,王導,Speaker,Suggestion,Y,Cousins (older-younger,,,HBen,,Yes,,,
卿,Qing,8,86,卿故墮其雲霧中。,王濛,劉惔,Equal,Commentary,Y,Friends,,,,,,,,
卿,Qing,8,107,衛風韻雖不及卿諸人，傾倒處亦不近。,庾亮,孫綽,Speaker,Commentary,Y,Friends,,,,,,,,
卿,Qing,8,150,卿風流俊望，真後來之秀。,范寧,王忱,Speaker,Praise,Y,Uncle-nephew,Pos,,,,Yes,,,
卿,Qing,8,156,卿家仲堪，定是何似人？,桓玄,殷仲文,Speaker,Question,Y,Superior-subordinate,,,,,,,,
卿,Qing,9,7,喬當及卿，髦小減也。,裴頠,楊淮,Speaker,Commentary,Y,Friends,,,,,,,,
卿,Qing,9,7,喬自及卿，然髦尤精出。,樂廣,楊淮,Speaker,Commentary,Y,Friends,,,,,,,,
卿,Qing,9,13,孔愉有公才而無公望，丁潭有公望而無公才，兼之者其在卿乎？,王導,虞(馬斐),Speaker,Praise,Y,Superior-subordinate,Pos,,,,,,,
卿,Qing,9,14,卿自謂何如郗鑒？,司馬紹,周顗,Speaker,Question,U,Emperor-subject,Q,,,,,,,
卿,Qing,9,15,卿有四友，何者是？,庾亮,王敦,Equal,Taunting,N,Acquaintances,Neg,,,,,They were frenemies (Book of Jin),,
卿,Qing,9,19,論者以卿比郗鑒，云何？,司馬紹,周顗,Speaker,Question,U,Emperor-subject,Q,,,,,,,
卿,Qing,9,22,卿自謂何如庾元規？,司馬紹,周顗,Speaker,Question,U,Emperor-subject,Q,,,,,,,
卿,Qing,9,33,當世王公以卿比裴叔道，云何？,？,殷浩,?,Question,U,?,Q,,,,,,,
卿,Qing,9,34,卿定何如裴逸民？,司馬昱,殷浩,Speaker,Question,U,Superior-subordinate,Q,,,,,Probably before he became emperor,,
卿,Qing,9,35,卿何如我？,桓溫,殷浩,Equal,Taunting,U,Acquaintances,Neg,Pos,,,,clear example of competitiveness,,
卿,Qing,9,36,卿自謂何如？,司馬昱,孫綽,Speaker,Question,U,Superior-subordinate,Q,,,,,Probably before he became emperor,,
卿,Qing,9,46,卿家平陽，何如樂令？,謝安,李充,Speaker,Question,U,Acquaintances,Q,,,,,,,
卿,Qing,9,47,我家臨川，何如卿家宛陵？,王胡之,王濛,Equal,Question,U,Acquaintances,Q,Q,,,,unclear how close,,
卿,Qing,9,52,卿喜傳人語，不能復語卿。,桓溫,?,?,Rejection,U,?,Neg,,,Denied,,,,
荀君/鍾君,LN + jun,1,5,荀君清識難尚，鍾君至德可師。,李膺,荀淑、鍾皓,Equal,Praise,Y,Friends,Pos,,,,,"He treats them as teachers, but it's unsure whether they're actually older or he just respects them. In any case, Hou Han Shu says his relationship with Xun is 師友, so it's definitely not a very inequitable relationship.",,
君,Jun,1,24,各自饑困，以君之賢，欲共濟君耳，恐不能兼有所存。,鄉人,郗鑒,Listener,Apology,U,Acquaintances,,,,,,,,
汝,Ru,19,4,狗鼠不食汝餘，死故應爾！,卞太后,曹丕,Speaker,Reprimand,Y,Mother-son,Neg,,,,Yes,漢書：狗豬不食其餘,,
君,Jun,2,3,君與僕有何親？,李膺,孔融,Speaker,Question,N,Adult-child,,,,,,,,
君,Jun,2,3,昔先君仲尼與君先人伯陽，有師資之尊，是僕與君奕世為通好也。,孔融,李膺,Listener,Response,N,Child-adult,,,,,,,,
君,Jun,2,3,想君小時，必當了了！,孔融,陳韙,Listener,Retort,N,Child-adult,Neg,,,,,,,
君,Jun,2,16,昔先公辟君不就，今孤召君，何以來？,司馬師,李喜,Speaker,Question,N,Emperor-subject,,,,,,,,
君,Jun,2,18,聞君有箕山之志，何以在此？,司馬昭,向秀,Speaker,Question,N,Superior-subordinate,,,,,,,,
君,Jun,2,22,君吳楚之士，亡國之餘，有何異才，而應斯舉？,洛中人,蔡洪,?,Doubt,N,Strangers,,,,,,,,
君,Jun,2,25,君去崔杼幾世？,崔豹,陳太守,Speaker,Taunting,N,Acquaintances,Neg,,,,,"idk who the taishou is, so this is my best guess based on the conversation alone",,
明府,Job title,2,25,民去崔杼，如明府之去陳恆。,陳太守,崔豹,Listener,Retort,N,Acquaintances,Neg,,,,,,,
君,Jun,2,30,君何所欣說而忽肥？,庾亮,周顗,Equal,Teasing,N,Friends,Neg,,,,,My best guess from the conversation. Zhou is very humble as seen from the Book of Jin.,,
君,Jun,2,30,君復何所憂慘而忽瘦？,周顗,庾亮,Equal,Retort,N,Friends,Neg,,,,,,,
君,Jun,2,43,此是君家果。,孔坦,楊氏之子,Speaker,Joke,N,Adult-child,,,,,,,,
夫子,Fuzi,2,43,未聞孔雀是夫子家禽。,楊氏之子,孔坦,Listener,Retort,N,Child-adult,Neg,,,,,,,
君,Jun,2,48,君自見其朱門，貧道如游蓬戶。,竺道潛,劉惔,Equal,Retort,Y,Acquaintances,Neg,,,,,"not sure they considered each other friends, but they saw each other frequently (梁高僧傳); combined with the teasing, I am guessing they are somewhat close",,
君,Jun,2,49,君亦復來邪？,庾亮,孫放,Speaker,Question,N,Adult-child,,,,,,,,
君,Jun,2,80,君能屈志百里不？,殷浩,李充,Speaker,Offer,N,Acquaintances,,,,Yes,,,,
君,Jun,3,8,為君思之久矣！,山濤,嵇紹,Speaker,Offer,Y,父執-adult,,,,Yes,,嵇康 and 山濤 were definitely close friends,,
君,Jun,3,12,君出，臨海便無復人。,王導,任顒,Equal,Praise,U,Acquaintances,Pos,,,,,,,
君,Jun,4,2,聽君向言，多與吾同。今當盡以所注與君。,鄭玄,服虔,Equal,Statement,N,Strangers,Neg,,,,,,,
君,Jun,4,11,身今少惡，裴逸民亦近在此，君可往問。,王衍,客人,?,Suggestion,U,?,,,HBen,,,,,
君,Jun,4,19,君輩勿為爾，將受困寡人女婿！,王衍,眾客人,Speaker,Praise,Mixed,Mixed,Pos,,,,,寡人??!!??,,
君,Jun,4,22,身今日當與君共談析理。,王導,殷浩,Speaker,Intention,U,Superior-subordinate,,,,,,身,,
君,Jun,4,36,君未可去，貧道與君小語。,支遁,王羲之,Equal,Intention,U,Strangers,,,,,,,,
汝,Ru,23,34,汝竟識袁彥道不？,袁耽,債主,Speaker,Reprimand,Y,Strangers / Opponents,Neg,,,,,,,
汝,Ru,25,44,人以汝家比武侯，復何所言？,郗超,郗融,Speaker,Reprimand,Y,Older brother-younger brother,Neg,,,,Yes,,,
汝,Ru,29,9,汝正當欲得吾錢耳！,郗愔,郗超,Speaker,Reprimand,Y,Father-son,Neg,,,,Yes,,,
君,Jun,4,51,可試一交言。而才性殆是淵源崤、函之固，君其慎焉！,司馬昱,支遁、殷浩,Speaker,Suggestion,U,Superior-subordinate,,,HBen,,,Probably before he became emperor,,
君,Jun,4,55,君一往奔詣，故復自佳耳。,支遁,謝安,Equal,Praise,Y,Friends,Pos,,,,,,,
君,Jun,4,62,君四番後，當得見同。,羊孚,殷浩,Listener,Praise,N,Very distant relatives (junior-senior),Pos,,,,Yes,"From the fact that they only got into this argument after Yang's little brother got married to a girl whose grandfather is the father-in-law of Yin, they probably aren't super close",,
君,Jun,4,65,此乃是君轉解。,殷仲堪,桓玄,Equal,Praise,Y,Friends,Pos,,,,,,,
君,Jun,4,68,此二京可三，然君文未重於世，宜以經高名之士。,張華,左思,Speaker,Praise,U,Acquaintances,Pos,,,,,"Zuo was just the librarian, probably not super powerful",,
君,Jun,4,70,可作耳。要當得君意。,潘岳,樂廣,Equal,Acceptance of request,Y,Friends,,,,Yes,,I'm guessing Yue wouldn't have asked if they weren't somewhat friends,,
君,Jun,4,97,君作東征賦，云何相忽略？,陶范,袁宏,Speaker,Threatening question,N,Acquaintances,Neg,,T,,,Tao because of the knife,,
君,Jun,4,98,君箏賦何如嵇康琴賦？,?,顧愷之,?,Question,?,?,,,,,,,,
君,Jun,5,1,待君久不至，已去。 ,陳紀,陳寔之友,Listener,Explanation,Y,Child-adult (父執),,,,,,,,
君,Jun,5,18,陸遜、陸抗，是君何物？,盧志,陸機,Listener,Question,N,Acquaintances,,,,,,,,
君,Jun,5,27,君在中朝，與和長輿齊名，那與佞人刁協有情？,周嵩,周顗,Listener,Question,Y,Younger brother-older brother,Neg,,,,Yes,,,
君,Jun,5,42,君何以不行？,王導,江虨,Speaker,Question,Y,Adult-adolescent,,,,,,,,
汝,Ru,33,1,汝已殺我任城，不得復殺我東阿。,卞太后,曹丕,Speaker,Reprimand,Y,Mother-son,Neg,,,,Yes,,,
君,Jun,5,48,先君與君，自不至於此。,庾羲,孫綽,Listener,Criticism,N,Acquaintances,Neg,,,,,君 for distancing?,,
君,Jun,6,12,自可全君雅志。,裴頠,王衍,Listener,Acceptance,N,Acquaintances,,,,Yes,,君 response to 卿,,
君,Jun,6,19,君往東廂，任意選之。,王導,郗鑒,Speaker,Offer,Y,Superior-subordinate,,,,Yes,,actually directed to the messenger,footing!,
君,Jun,6,21,君才不如弟，而橫得重名！,周嵩,周顗,Listener,Criticism,Y,Younger brother-older brother,Neg,,,,Yes,,,
阿奴,Anu,6,21,阿奴火攻，固出下策耳！,周顗,周嵩,Speaker,Teasing,Y,Older brother-younger brother,Neg,,,,Yes,,,
君,Jun,6,38,奉使君一觴。,王珉,謝安,Listener,Offer,N,Acquaintances,,,,Yes,,,,
君,Jun,7,1,天下方亂，群雄虎爭，撥而理之，非君乎？然君實亂世之英雄，治世之姦賊。恨吾老矣，不見君富貴，當以子孫相累。,喬玄,曹操,Speaker,Commentary,N,Acquaintances,,,,,,Adaptaion to Cao's character,,
君,Jun,7,6,君蜂目已露，但豺聲未振耳。,潘滔,王敦,Speaker,Commentary,U,Acquaintances,,,,,,,,
君,Jun,8,19,君兄弟龍躍雲津，顧彥先鳳鳴朝陽。謂東南之寶已盡，不意復見褚生。,張華,陸機,Speaker,Praise,U,Acquaintances,Pos,,,,,Zhang seems to love praising ppl,,
君,Jun,8,23,自昔諸人沒已來，常恐微言將絕。今乃復聞斯言於君矣！,衛瓘,樂廣,Speaker,Praise,N,Acquaintances,Pos,,,,,,,
明公,Minggong,2,37,王光祿遠避流言，明公蒙塵路次，群下不寧，不審尊體起居何如？,顧和,王導,Listener,Care,U,Subordinate-superior,,,,,,,,
公,Gong,2,49,無小無大，從公于邁,孫放,庾亮,Listener,Flattery,N,Child-adult,Pos,,,,,Quoted,,
公,Gong,2,56,無小無大，從公于邁,司馬昱,桓溫,Speaker,Joke,Y,Emperor-subject,,,,,,Quoted,,
公,Gong,2,56,公長民短，臨時不知所言，既後覺其不可耳。,陸玩,王導,Listener,Joke,Y,Subordinate-superior,,,,,,Self: Min,,
公,Gong,4,41,公何處來？,？,謝安,Listener,Question,U,?,,,,,,,,
公,Gong,4,53,下官今日為公得一太常博士妙選！,劉惔,司馬昱,Listener,Announcement,Y,Subordinate-superior,,,,,,,It was before he became Emperor,
明公,Minggong,4,80,不遇明公，荊州老從事耳！,習鑿齒,桓溫,Listener,Gratitude,Y,Subject-emperor,Pos,,,,,,,
明公,Minggong1,4,104,明公啟晨光於積晦，澄百流以一源。,羊孚,桓玄,Listener,Gratitude,Y,Acquaintances,Pos,,,,,,,
公,Gong,5,17,嵇侍中善於絲竹，公可令操之。,葛旟等,司馬囧,Listener,Suggestion,Y,Subordinate-superior,,,HBen,,,,,
公,Gong,5,17,公協輔皇室，令作事可法。,嵇紹,司馬囧,Listener,Explanation,Y,Subordinate-superior,,,,,,,,
公,Gong,6,10,下官家故可有兩娑千萬，隨公所取。,庾敳,劉輿,Listener,Explanation,Y,Subordinate-superior,,,,,,,,
公,Gong,7,4,公闇與道合。,王衍,山濤,Listener,Praise,U,Acquaintances,Pos,,,,,"Shan is way older, and knew Wang when Wang was a kid",,
公,Gong,7,19,公未睹不鳴不躍者耳！,陸機,張華,Listener,Commentary,U,Acquaintances,,,,,,,,
公,Gong,7,57,公昨如是，似失眠。,客人,王導,Listener,Commentary,U,Acquaintances,,,,,,,,
公,Gong,8,148,公故蕭灑。,王獻之,謝安,Listener,Praise,Y,Subordinate-superior,Pos,,,,,謝安甚欽愛之，請為長史。 (晉書）,,
足下,Zuxia,1,7,足下家君太丘，有何功德，而荷天下重名？,客人,陳湛,?,Doubt,U,Acquaintances,,,,,,,,
足下,Zuxia,2,6,足下家君何如？ / 足下但因傴為恭不能答。,客人,陳紀,Equal,Taunting,U,Acquaintances,Neg,,,,,,,
足下,Zuxia,2,6,足下言何其謬也！故不相答。,陳紀,客人,Equal,Retort,U,Acquaintances,Neg,,,,,,,
足下,Zuxia,2,7,足下相難，依據者何經？,荀爽,袁閬,Equal,Defence,U,Acquaintances,,,,,,,,
足下,Zuxia,5,35,想足下不愧荀林父耳。,鍾雅,庾亮,Listener,Praise,U,Subordinate-superior,Pos,,,,,,,
足下,Zuxia,8,145,子思求良朋，託好足下，勿以開美求之。,郗超,袁宏,Equal,Request,Y,Friends,,,T,,,"Both worked under 桓溫, along with the request, probably close",,
足下,Zuxia,9,3,聞子名知人，吾與足下孰愈？,顧劭,龐統,Equal,Question,Y,Friends,,,,,,吳人並友之,"They were all famous ppl meeting famous ppl from another state, no hierarchical relationship",
子,Zi,1,9,吾今死矣，子可去！,荀巨伯之友,荀巨伯,Equal,Request,Y,Friends,,,T,,,,,
子,Zi,1,9,遠來相視，子令吾去；敗義以求生，豈荀巨伯所行邪？,荀巨伯,荀巨伯之友,Equal,Commitment,Y,Friends,,,,,,,,
子,Zi,1,11,子非吾友也。,管寧,華歆,Equal,Breaking up,Y,Friends,Neg,,,,,,,
卿,Qing,5,33,卿何以相負？,王敦,周顗,Speaker,Reproach,Y,Superior-subordinate (former),Neg,,,,,,相 as tone softener,
子,Zi,2,35,子其行乎？,劉琨,溫嶠,Speaker,Request,Y,Superior-subordinate,,,T,,,卿 in the same utterance,,
子,Zi,4,86,恐子之金石，非宮商中聲！,范啓,孫綽,Equal,Teasing,Y,Friends,Neg,,,,,Equal/Y/Friends is a tentative guess,,
小子,Xiaozi,5,65,/,司馬道子,王爽,Speaker,/,U,Acquaintances,,,,,,,,
阿奴,Anu,1,33,阿奴欲放去邪？,謝奕,謝安,Speaker,Question,Y,Older brother-younger brother,,,,,Yes,,,
阿奴,Anu,9,43,阿奴比丞相，但有都長。,劉惔,王濛,Equal,Praise,Y,Friends,Pos,,,,,,,
阿奴,Anu,9,44,阿奴今日不復減向子期。,劉惔,王濛,Equal,Praise,Y,Friends,Pos,,,,,,,
阿奴,Anu,14,25,阿奴恨才不稱！,王導,王恬,Speaker,Criticism,Y,Father-son,Neg,,,,Yes,,,
卿,Qing,9,53,卿才乃當不勝苟子，然會名處多。,劉奭,王坦之,Equal,Commentary,U,Acquaintances,,,,,,,,
卿,Qing,9,55,卿自言何如安石？,王羲之,許詢,Equal,Question,Y,Friends,Q,,,,,,,
卿,Qing,9,86,我何如卿第七叔？,桓玄,王幀之,Speaker,Question,U,Acquaintances,,Q,,,,,,
卿,Qing,6,31,卿奇人，殆壞我面。,謝萬,蔡系,Equal,Reproach,Y,Acquaintances,Neg,,,,,,,
卿,Qing,10,5,卿一宗在朝有幾人？,孫皓,陸凱,Speaker,Question,Y,Emperor-subject,Q,,,,,,,
君,Jun,1,36,那得初不見君教兒？,劉夫人（謝安之妻）,謝安,Listener,Reproach,Y,Wife-husband,Neg,,,,Yes,,,
卿,Qing,10,15,卿何所聞？,王導,顧和,Speaker,Question,U,Superior-subordinate,,,,,,Unclear whether they were close before this incident,,
卿,Qing,10,17,戢卿良箴。,陸玩,?,?,Response,U,Acquaintances,,,,,,,,
卿,Qing,10,22,卿乃復論成不惡，那得與僧彌戲！,王忱,王珣,Equal,Response,U,Acquaintances,,,,,,because of the huge age gap,,
卿,Qing,11,3,卿未可言，待我思之。 ,曹操,楊修,Speaker,Command,Y,Superior-subordinate,,,T,,,,,
卿,Qing,11,3,我才不及卿，乃覺三十里。,曹操,楊修,Speaker,Praise,Y,Superior-subordinate,Pos,,,,,,,
卿,Qing,13,6,卿語阿黑：何敢不遜！,祖逖,使者,Speaker,Order,Y,Superior-subordinate (actually messenger),,,T,,,,,
卿輩,Qingbei1,13,8,恨卿輩不見王大將軍。,桓溫,周馥,Speaker,Regret,U,Superior-subordinate,Neg,,,,,,,
卿,Qing,14,23,卿但見之，必無憂也！,溫嶠,庾亮,Equal,Regret,U,Subordinate-superior (former),Neg,,,,,"Yu was formerly Wen's boss, but by all standards they were both unemployed at the time",,
卿,Qing,14,34,卿嘗欲見相王，可住帳裡。,桓溫,王珣,Speaker,Suggestion,Y,Superior-subordinate,,,HBen,,,,,
君,Jun,4,38,君語佳則佳矣，何至相苦邪？,支遁,許詢,Equal,Reproach,Y,Friends,Neg,,,,,non-standard mingshi Reproach,,
卿,Qing,16,2,人久以此許卿，何須復爾？,羊曼,王導,Equal,Teasing,U,Acquaintances,Neg,,,,,not really clear without prosody if it was more teasy or more reproach-y,,
卿,Qing,17,3,卿常好我作驢鳴，今我為卿作。,孫楚,王濟,Equal,Mourning,Y,Friends,,,,,,Junbei to the rest,,
卿,Qing,18,12,卿兄弟志業，何其太殊？,謝安,戴逵,Speaker,Question,U,Acquaintances,,,,,,,,
卿,Qing,19,6,阮家既嫁醜女與卿，故當有意，卿宜察之。,桓範,許允,Equal,Suggestion,Y,Friends,,,HBen,,,Guessing the'yre friends to be able to say thius,,
卿,Qing,19,6,婦有四德，卿有其幾？,許允,阮氏（許允之妻）,Speaker,Question,Y,Husband-wife,Neg,,,,Yes,"close by marriage, even though they were probably effectively strangers",,
君,Jun,4,42,身與君別多年，君義言了不長進。,支遁,王濛,Equal,Reproach,Y,Friends,Neg,,,,,,,
卿,Qing,19,13,彼剛介有才氣，卿往不如不去。,賈充,郭氏（賈充之妻）,Speaker,Suggestion,Y,Husband-wife,,,HBen,,Yes,,,
卿,Qing,19,13,語卿道何物？,賈充,郭氏（賈充之妻）,Speaker,Question,Y,Husband-wife,,,,,Yes,,,
卿,Qing,19,19,卿可去矣！,范逵,陶侃,Speaker,Permission,Y,Acquaintances,,,Lifting,,,Fan was famous,they probably grew close,
卿,Qing,21,8,神明太俗，由卿世情未盡。,庾龢,戴逵,Equal,Commentary,U,Acquaintances,,,,,,,,
卿,Qing,21,8,唯務光當免卿此語耳。,戴逵,庾龢,Equal,Response,U,Acquaintances,,,,,,,,
卿,Qing,22,4,卿復少時不去，我成輕薄京尹！,劉惔,許詢,Equal,Expression of liking,Y,Friends,Pos,,,,,,,
卿,Qing,22,6,我以第一理期卿，卿莫負我。,卞鞠,羊孚,Equal,Request,Y,Friends,,,T,,,,,
君,Jun,5,44,使君如馨地，甯可鬥戰求勝？,劉惔,桓溫,Equal,Reproach,Y,Friends since they were young,Neg,,,,,"Despite reproach + mingshi + equal, still 君, why? Liu has very high opinion of him: 溫眼如紫石棱，須作猥毛磔，孫仲謀、晉宣王之流亞也。",,
子,Zi,2,9,子且下車，子適知邪徑之速，不慮失道之迷。,司馬徽,龐統,Speaker,Reproach,Y,Friends,Neg,,,,,統弱冠往見徽，徽採桑於樹上，坐統在樹下，共語自晝至夜。,,
卿,Qing,10,8,非但我言卿不可，李陽亦謂卿不可。,王衍,郭豫之女,Speaker,Reproach,Y,Husband-wife,Neg,,,,Yes,,,
卿,Qing,23,22,卿欲何之？,張瀚,賀循,Equal,Question,N,Strangers,,,,,,,,
君,Jun,19,6,新婦所乏唯容爾。然士有百行，君有幾？ / 夫百行以德為首，君好色不好德，何謂皆備？,阮氏（許允之妻）,許允,Listener,Reproach,Y,Wife-husband,Neg,,,,Yes,,,
卿,Qing,23,26,卿可贖我！,庾亮,溫嶠,Listener,Request,Y,Friends,,,T,,,,,
卿,Qing,23,37,恨不更有一人配卿。,袁耽,桓溫,Equal,Regret,Y,Friends,Neg,,,,,"Though Huan may have been higher in government, he's seriously indebted to Yuan",,
卿,Qing,23,41,聞卿祠，欲乞一頓食耳。,主人,羅友,Equal,Explanation,N,Strangers,,,,,,,,
卿,Qing,23,44,卿向欲咨事，何以便去？,桓溫,羅友,Speaker,Question,?,Superior-subordinate,,,,,,,,
卿,Qing,23,45,卿非田橫門人，何乃頓爾至致？,桓沖,張湛,Speaker,Question,?,Superior-subordinate,,,,,,,,
卿,Qing,23,50,犯我家諱，何預卿事？,桓玄,王忱,Equal,Retort,Y,Frenemies,Neg,,,,,,,
卿,Qing,24,5,東吳有長柄壺盧，卿得種來不？,劉寶,陸機,Equal,Drunk question,N,Strangers,,,T,,,,,
卿,Qing,24,11,卿何署？,桓沖,王徽之,Speaker,Question,Y,Superior-subordinate,,,,,,Probably close from the fact that Huan asked him dumb questions,,
卿,Qing,24,13,卿在府久，比當相料理。,桓沖,王徽之,Speaker,Offer,Y,Superior-subordinate,,,,Yes,,,,
卿,Qing,25,1,小兒知談，卿可與語。,諸葛瑾,別駕,Speaker,Suggestion,U,Superior-subordinate,,,HBen,,,,,
君,Jun,8,46,君以此試，頃來始乃有稱之者。,王敦,王衍、王澄,Listener,Suggestion,Y,Cousin (junior-senior),,,HBen,,Yes,,,
君,Jun,8,59,來！來！此是君坐。,王導,何充,Speaker,Suggestion,Y,Uncle-nephew,,,HBen,,Yes,,,
君,Jun,8,73,義懷通樂，既佳，且足作友，正實良器，推此與君，同濟艱不者也。,庾翼,桓溫,Speaker,Suggestion,Y,Acquaintances,,,HBen,,,Yu knew Huan when Huan was still a kid,,
君,Jun,8,143,君家藍田，舉體無常人事。,謝安,王恭,Speaker,Commentary (positive),Y,Acquaintances,Pos,,,,,Xie is way older and more powerful,,
君,Jun,8,148,君道身最得，身正自調暢。,謝安,王獻之,Speaker,Praise,Y,Superior-suboridnate,Pos,,,,,謝安甚欽愛之，請為長史。 (晉書）,,
君,Jun,9,15,卿有四友，何者是？,王敦,庾亮,Equal,Retort,N,Acquaintances,Neg,,,,,They were frenemies (Book of Jin),,
君,Jun,9,17,君自謂何如庾亮？,司馬紹,謝鯤,Speaker,Question,N,Emperor-subject,Q,,,,,謝鯤 is kind of 隱士,,
君,Jun,9,54,君何如許掾？,支遁,孫綽,Equal,Question,U,Acquaintances,Q,,,,,,,
君家,Junjia,9,69,君家道衛君長云何？,謝安,孫騰,Speaker,Question,U,Acquaintances,Q,,,,,,,
君,Jun,9,75,君書何如君家尊？,謝安,王獻之,Speaker,Question,Y,Superior-subordinate,Q,,,,,　謝安甚欽愛之，請為長史,,
君,Jun,9,78,君祖比劉尹，故為得逮。,謝安,王恭,Speaker,Commentary (positive),Y,Acquaintances,Pos,,,,,Xie is way older and more powerful,,
君,Jun,9,6,今君一面盡二難之道，可謂『明德惟馨』。,何晏,鄧颺,Equal,Praise,N,Strangers,Pos,,,,,,,
君,Jun,9,13,此不必見關，但與君門情，相為惜之。,賀循,張闓,Speaker,Explanation,N,Acquaintances,,,,,,kinda reprimandy,"considering the emphasis on their family's relation rather than their own, likely not close",
君,Jun,14,11,君未見其父耳！,?,王戎,?,Addition,U,?,,,,,,,,
諸君,Zhujun,14,24,諸君少住，老子於此處興復不淺！,庾亮,殷浩、王胡之等,Speaker,Request,N,Superior-subordinate,,,T,,,,,
卿,Qing,23,13,仲容已預之，卿不得復爾。,阮籍,阮渾,Speaker,Reprimand,Y,Father-son,Neg,,,,Yes,,,
君,Jun,15,1,古人貴朝聞夕死，況君前途尚可。,陸雲,周處,Speaker,Advice,N,Acquaintances,,,HBen,,,,,
君輩,Junbei,17,3,卿常好我作驢鳴，今我為卿作。,孫楚,衆人,Equal,Insult,N,Mixed,Neg,,,,,,,
君,Jun,17,3,君才則高矣，保身之道不足。,孫登,嵇康,Equal,Commentary,N,Acquaintances,,,,,,,,
君,Jun,19,11,君才致殊不如，正當以識度相友耳。,韓氏（山濤之妻）,山濤,Listener,Commentary,N,Wife-husband,,,,,Yes,,,
君,Jun,19,19,路已遠，君宜還。,范逵,陶侃,Speaker,Permission,Y,Acquaintances,,,Lifting,,,Fan was famous,they probably grew close,
君,Jun,20,8,君乃復委罪於樹木。,王敦,王導,Speaker,Reproach,Y,Cousins (older-younger),Neg,,,,Yes,,,
君,Jun,23,2,嗣宗毀頓如此，君不能共憂之，何謂？,司馬昭,何曾,Speaker,Reproach,Y,Superior-subordinate,Neg,,,,,將之鎮，文帝使武帝、齊王攸辭送數十里。,,
君,Jun,23,3,君飲太過，非攝生之道，必宜斷之！,劉伶之妻,劉伶,Listener,Reproach,Y,Wife-husband,Neg,,,,Yes,,,
君,Jun,23,11,凡弔，主人哭，客乃為禮。阮既不哭，君何為哭？,?,裴楷,?,Explanation,U,?,,,,,,,,
君,Jun,23,38,向得此魚，觀君船上當有膾具，是故來耳。,劉驎之,張玄,Equal,Explanation,N,Strangers,,,,,,,,
君,Jun,23,49,聞君善吹笛，試為我一奏。,王徽之,桓伊,Equal,Request,N,Strangers,Pos,,T,,,,,
君,Jun,24,2,偶有二斗美酒，當與君共飲。,阮籍,王戎,Speaker,Offer,N,父執-young adult,,,,Yes,,Still strangers at the time,,
君,Jun,24,8,君無狂司馬，我何由得相見？,南康長公主（桓溫之妻）,桓溫,Speaker,Complaint,Y,Wife-husband,Neg,,,,Yes,,,
君,Jun,24,10,人言君侯癡，君侯信自癡。,謝萬,王述,Listener,Complaint,Y,Son-in-law-father-in-law,Neg,,,,Yes,,,
諸君,Zhujun,24,14,諸君皆是勁卒。,謝萬,諸將,Speaker,Praise,N,Superior-subordinate,Pos,,,,,,,
君輩,Junbei,25,29,夷甫無君輩客！,蔡謨,王濛、劉惔,Speaker,Retort,N,Superior-subordinate,Neg,,,,,,,
君,Jun,25,30,君口中何為開狗竇？,前輩,張玄之,Speaker,Teasing,U,Adult-child,Neg,,,,,,,
君輩,Junbei,25,30,正使君輩從此中出入！,張玄之,前輩,Listener,Retort,U,Child-adult,Neg,,,,,,,
君,Jun,25,37,君欲云那放？,殷融,劉惔,Equal,Teasing,U,Acquaintances,Neg,,,,,,,
君,Jun,25,43,七尺之軀，今日委君二賢。,支遁,王徽之、謝萬,Equal,Complaint,U,Acquaintances,Neg,,,,,He was friends with 王羲之 and 謝安,,
君,Jun,26,2,諸人皆以君方樂。,庾亮,周顗,Equal,Information,Y,Friends,,,,,,,,
諸君,Zhujun,26,11,諸君頗聞劉景升不？,桓溫,諸僚,Speaker,Question,Y,Superior-subordinate,,,,,,,,
君,Jun,26,16,君何不尋遂初賦，而彊知人家國事？,桓溫,孫綽,Speaker,Complaint,Y,Acquaintances,Neg,,,,,,,
君,Jun,26,24,君乃復作裴氏學！,謝安,庾龢,Speaker,Criticism,N,Acquaintances,Neg,,,,,,,
君,Jun,26,33,君得哀家梨，當復不烝食不？,桓玄,?,?,Teasing,U,?,Neg,,,,,,,
君,Jun,29,1,何如君李？,王濟,和嶠,Equal,Taunting,Y,Brothers-in-law,Neg,,,,Yes,,,
君,Jun,30,11,君欲自乘則不論；若欲噉者，當以二十肥者代之。既不廢噉，又存所愛。,司馬權,王衍,Equal,Request,U,Acquaintances,,,T,,,"Sima is royal family and probably older than Wang, but his beloved cow was in his hands",,
明公,Minggong,9,41,箕子、比干，跡異心同，不審明公孰是孰非？,王珣,桓溫,Listener,Question,Y,Subordinate-superior,,,,,,,,
謝公,LN + Gong,9,59,謝公清於無奕，潤於林道。,,謝安,,,,,,,,,,,,
公,Gong,9,76,若如公言，並不如此二人邪？,王恭,謝安,Listener,Question,Y,Acquaintances,,,,,,,,
公,Gong,9,86,亡叔是一時之標，公是千載之英。,王楨之,桓玄,Listener,Praise,U,Subordinate-superior,Pos,,,,,,,
公,Gong,9,87,公高，太傅深。,劉瑾,桓溫,Listener,Praise,U,Subordinate-superior,Pos,,,,,,,
公,Gong,10,7,公醉邪？,司馬炎,衛瓘,Speaker,Teasing,Y,Emperor-subject,Neg,,,,,,,
公,Gong,10,12,近者，明公之舉，雖欲大存社稷，然四海之內，實懷未達。,謝鯤,王敦,Listener,Advice,Y,Subordinate-superior,,,HBen,,,,,
公,Gong,10,14,後面未期，亦欲盡所懷，願公勿復談。,王導,郗鑒,Speaker,Request,Y,Superior-subordinate,,,T,,,,,
明公,Minggong,10,15,明公作輔，寧使網漏吞舟，何緣采聽風聞，以為察察之政？,顧和,王導,Listener,Advice,N,Subordinate-superior,,,HBen,,,,,
公,Gong,10,18,願明公為桓、文之事，不願作漢高、魏武也。,江虨,庾翼,Listener,Advice,Y,Subordinate-superior,,,HBen,,,,,
公,Gong,10,19,不審公謂謝尚何似人？,羅含,桓溫,Listener,Advice,Y,Subordinate-superior,,,HBen,,,,,
公,Gong,10,25,公獵，好縛人士，會當被縛，手不能堪芒也。,桓道恭,桓玄,Listener,Advice,Y,Subordinate-superior,,,HBen,,,"Though Daogong is two generations above Xian, Xian is way more powerufl",,
公,Gong,11,2,公教人噉一口也，復何疑？,楊修,曹操,Listener,Showing off,Y,Subordinate-superior,,Pos,,,,,,
王公,LN + Gong,14,25,敬豫事事似王公。,,,,,,,,,,,,,,
明公,Minggong,23,2,明公方以孝治天下，而阮籍以重喪，顯於公坐飲酒食肉，宜流之海外，以正風教。,何曾,司馬昭,Listener,Advice,U,Subordinate-superior,,,HBen,,,,,
公,Gong,25,29,公自言何如夷甫？ / 公何處不如？,王濛、劉惔,蔡謨,Listener,Retort,N,Subordinate-superior,Neg,,,,,,,
公,Gong,25,35,千里投公，始得蠻府參軍，那得不作蠻語也？,郝隆,桓溫,Listener,Joke,Y,Subordinate-superior,,,,,,,"this kinda thing happened more than once, likely intimate",
明公,Minggong,28,7,若晉室靈長，明公便宜奉行此詔。如大運去矣，請避賢路！,司馬昱,桓溫,Speaker,Order,Y,Emperor-subject,,,T,,,,power thing is almost equal by then …,
公,Gong,33,7,若如公言，祚安得長！,司馬紹,王導,Speaker,Regret,Y,Emperor-subject,,,,,,,,
子,Zi,25,7,子曾不如太原溫顒、潁川荀寓、范陽張華、士卿劉許、義陽鄒湛、河南鄭詡。,張敏,張敏,/,Satire,/,Head-body,,,,,,,,
子,Zi,8,139,子親伊姑，我父唯舅,潘岳,王烈,Equal,Poem,U,Cousins,,,,,Yes,Quoted,,
子,Zi,9,3,陶冶世俗，與時浮沈，吾不如子,龐統,顧劭,Equal,Praise,Y,Friends,Pos,,,,,,,
夫子,Fuzi,26,22,余與夫子，交非勢利，心猶澄水，同此玄味。,孫綽,王濛,Equal,Mourning,Y,Friends,,,,,,,,
卿,Qing,25,2,與人期行，何以遲遲？望卿遙遙不至。,司馬昭,鍾會,Speaker,Teasing,Y,Superior-subordinate,Neg,,,,,,,
卿輩,Qingbei,25,4,卿輩意，亦復可敗邪？,王戎,阮籍、嵇康、山濤、劉伶,Listener,Teasing,Y,Friends,Neg,,,,,,,
卿,Qing,25,11,此事豈可使卿有勳邪？,司馬睿,殷羨,Speaker,Teasing,U,Emperor-subject,Neg,,,,,,,
卿,Qing,25,15,卿類社樹，遠望之，峨峨拂青天；就而視之，其根則群狐所託，下聚溷而已！,謝鯤,周顗,Listener,Teasing,Y,Friends,Neg,,,,,,,
卿,Qing,25,15,枝條拂青天，不以為高；群狐亂其下，不以為濁；聚溷之穢，卿之所保，何足自稱？,周顗,謝鯤,Speaker,Retort,Y,Friends,Neg,,,,,,,
卿,Qing,25,18,卿此中何所有？,王導,周顗,Speaker,Teasing,Y,Friends,Neg,,,,,,,
卿輩,Qingbei,25,18,此中空洞無物，然容卿輩數百人。,周顗,王導,Listener,Retort,Y,Friends,Neg,,,,,,,
卿,Qing,25,19,卿可謂鬼之董狐。,劉惔,干寶,Equal,Teasing,Y,Acquaintances,Neg,,,,,,,
卿,Qing,25,20,卿乃復有行來衣乎？,許文思,顧和,?,Teasing,Y,Acquaintances,Neg,,,,,,,
卿,Qing,25,22,卿志大宇宙，勇邁終古。 / 我圖數千戶郡，尚不能得；卿迺圖作佛，不亦大乎！,阮裕,何充,Equal,Teasing,Y,Acquaintances,Neg,,,,,,,
卿,Qing,25,22,卿今日何故忽見推？,何充,阮裕,Equal,Question,Y,Acquaintances,,,,,,,,
卿輩,Qingbei,25,24,我若不為此，卿輩亦那得坐談？,桓溫,王濛、劉惔等,Speaker,Retort,Y,Acquaintances,Neg,Pos,,,,,,
卿,Qing,25,25,卿國史何當成？,褚裒,孫盛,Speaker,Retort,U,Acquaintances,Neg,,,,,,,
卿,Qing,25,26,卿屢違朝旨，高臥東山，諸人每相與言：『安石不肯出，將如蒼生何？』今亦蒼生將如卿何？,高嵩,謝安,Listener,Teasing,U,Acquaintances,Neg,,,,,Xie was reputable and his would-be position higher,,
卿,Qing,25,34,卿助我。,范汪,王濛,Equal,Request,U,Acquaintances,,,T,,,,,
卿,Qing,25,38,安石，卿何事至爾？,桓溫,謝安,Speaker,Question,N,Acquaintances,,Pos,,,,"They are both very famous, so if they're close, we'd know",,
卿,Qing,25,48,與卿約法三章：談者死，文筆者刑，商略抵罪。,虞存,魏顗,Equal,Teasing,Y,Acquaintances,Neg,,,,,是時沈與魏顗、虞球、虞存、謝奉並為四族之俊。,,
君,Jun,25,48,未有君拜於前，臣立於後！,謝安,桓溫,Listener,Teasing,N,Acquaintances,Neg,,,,,,,
卿,Qing,25,60,卿莫近禁臠。,王珣,袁山松,Speaker,Prohibition,U,Acquaintances,,,T,,,,,
卿,Qing,25,62,卿此起不破，我當撻卿。,周參軍,劉參軍,Equal,Threat,Y,Colleagues,Neg,,T,,,,,
卿,Qing,25,62,何至受卿撻！,劉參軍,周參軍,Equal,Protest,Y,Colleagues,Neg,,,,,,,
卿,Qing,25,62,伯禽之貴，尚不免撻，而況於卿？,周參軍,劉參軍,Equal,Teasing,Y,Colleagues,Neg,,,,,,,
卿,Qing,26,9,卿當念我！,孫綽,褚裒,Listener,Defence,U,Acquaintances,,,,,,,,
卿,Qing,26,9,真長平生，何嘗相比數，而卿今日作此面向人！,褚裒,孫綽,Speaker,Reproach,U,Acquaintances,Neg,,,,,,,
卿,Qing,26,8,卿但遙拜，必無它。我為卿保之。,溫嶠,庾亮,Speaker,Reproach,Y,Subordinate-superior (former),Neg,,,,,,,
庾元規,LN + Zi,27,8,庾元規何緣拜陶士行？,陶侃,庾亮,Speaker,Permission,N,Acquaintances,,,Lifting,,,,,
卿,Qing,27,10,我自是天下男子，厭，何預卿事而見喚邪？,江虨,諸葛恢之女,Speaker,Teasing,N,Husband-wife,Neg,,,,Yes,,,
卿,Qing,27,12,我有一女，乃不惡，但吾寒士，不宜與卿計，欲令阿智娶之。,孫綽,王坦之,Listener,Request,U,Acquaintances,,,T,,,,,
卿,Qing,28,1,言卿狂逆。,王衍,諸葛宏,Speaker,Response,Y,Superior-subordinate (former),,,,,,,,
卿,Qing,28,6,卿何以更瘦？,桓溫,鄧遐,Speaker,Question,Y,Superior-subordinate (former),Neg,,,,,,,
卿,Qing,30,1,自殺伊家人，何預卿事！,王敦,王導,Speaker,Defence,Y,Cousins (older-younger),,,,,Yes,,,
卿,Qing,30,6,我射不如卿，今指賭卿牛，以千萬對之。,王濟,王愷,Speaker,Suggestion,U,Acquaintances,,,HBen,,,,,
卿,Qing,30,8,不足恨，今還卿。,石崇,王愷,Equal,Boasting,Y,Friends,,Pos,,,,,,
卿,Qing,30,10,不知餘人云何？子貢去卿差近。,王敦,石崇,Speaker,Praise,Y,Friends,Pos,,,,,,,
卿,Qing,32,4,卿但數詣王緒，往輒屏人，因論它事，如此，則二王之好離矣。,王珣,殷仲堪,Equal,Suggestion,U,Acquaintances,,,HBen,,,時帝雅好典籍，珣與殷仲堪、徐邈、王恭、郗恢等並以才學文章見昵於帝。,,
卿,Qing,33,6,百口委卿！,王導,周顗,Listener,Begging,Y,Friends,,,,,,Set phrase?,,
卿,Qing,34,3,卿讀爾雅不熟，幾為勸學死。,蔡謨,謝尚,Equal,Explanation,U,Acquaintances,,,,,,,,
卿,Qing,34,7,卿在門下，初不聞有所獻替。,司馬曜,虞嘯父,Speaker,Reproach,U,Emperor-subject,Neg,,,,,,,
卿,Qing,34,8,卿何以誤人事邪？,王國寶,王國寶之主簿,Speaker,Reproach,U,Superior-subordinate,Neg,,,,,,,
卿,Qing,35,6,親卿愛卿，是以卿卿；我不卿卿，誰當卿卿？,王戎之妻,王戎,Listener,Defence,Y,Wife-husband,Pos,,,,Yes,,,
卿,Qing,36,1,安仁，卿亦復爾邪？,石崇,潘岳,Equal,Observation,Y,Friends,,,,,,plotted together,,
卿,Qing,36,6,卿便不可復測！,王珣,王恭,Equal,Criticism,N,Acquaintances,Neg,,,,,not much friends by then,,
卿,Qing,36,7,卿何故趣，欲殺我邪？,司馬道子,王恭,Speaker,Taunting,N,Enemies,Neg,,,,,"well, the other guy was dead… not much power there",,
君,Jun,5,1,君與家君期日中。日中不至，則是無信；對子罵父，則是無禮。,陳紀,陳寔之友,Listener,Reproach,Y,Child-adult (父執),Neg,,,,,,,
卿,Qing,2,99,卿知見有餘，何故為苻堅所制？,王坦之,張天錫,Speaker,Question,Y,Superior-subordinate,Pos,,,,,,,
,,,,,,,,,,,,,,,,Zhang had surrendered to Jin,,
